method,silhouette_score,n_clusters,ari_vs_kmeans
K-Means,0.6926694691440985,3,1.0
Hierarchical,0.6779677590260964,3,0.8821877085476217
GMM,0.1510249148662943,3,0.1788527155255702
