cluster,total_decisions,changed,percentage_changed
0,441,9,2.0408163265306123
1,936,90,9.615384615384615
2,2097,70,3.3381020505484025
